,step,loss_step
0,1,0.7286714315414429
1,2,0.7133073806762695
2,3,0.704137921333313
3,4,0.715949296951294
4,5,0.6929464340209961
5,6,0.7082051038742065
6,7,0.6855923533439636
7,8,0.6807008385658264
8,9,0.7151967287063599
9,10,0.7181587815284729
10,11,0.6823546886444092
11,12,0.6530169248580933
12,13,0.6810705661773682
13,14,0.6795217394828796
14,15,0.7306017875671387
15,16,0.6794416904449463
16,17,0.7385643720626831
17,18,0.6729273796081543
18,19,0.7217587232589722
19,20,0.6785627603530884
20,21,0.7236417531967163
21,22,0.6542534828186035
22,23,0.6956609487533569
23,24,0.7047947645187378
24,25,0.6978377103805542
25,26,0.7256594896316528
26,27,0.7247603535652161
27,28,0.6961048245429993
28,29,0.7130000591278076
29,30,0.6759529709815979
30,31,0.7456409931182861
31,32,0.6972612142562866
32,33,0.7283660173416138
33,34,0.6814500689506531
34,35,0.6508744359016418
35,36,0.6719195246696472
36,37,0.696097195148468
37,38,0.7186734676361084
38,39,0.6945566534996033
39,40,0.7034592032432556
40,41,0.6903020143508911
41,42,0.6807542443275452
42,43,0.6769596934318542
43,44,0.6905403137207031
44,45,0.7148602604866028
45,46,0.704338550567627
46,47,0.6499447822570801
47,48,0.7132865190505981
48,49,0.7204310894012451
49,50,0.7101975679397583
50,51,0.7018297910690308
51,52,0.6590428352355957
52,53,0.710477352142334
53,54,0.6901230216026306
54,55,0.712051272392273
55,56,0.6823722720146179
56,57,0.6922106742858887
57,58,0.7189226150512695
58,59,0.6790217161178589
59,60,0.6964708566665649
60,61,0.6966722011566162
61,62,0.7112516164779663
62,63,0.6933935284614563
63,64,0.6837005615234375
64,65,0.7373324036598206
65,66,0.7126405239105225
66,67,0.6443321108818054
67,68,0.6735450029373169
68,69,0.6813702583312988
69,70,0.6889852285385132
70,71,0.6848414540290833
71,72,0.6939622759819031
72,73,0.6710558533668518
73,74,0.6769227981567383
74,75,0.6584338545799255
75,76,0.6685391664505005
76,77,0.678583562374115
77,78,0.6997328996658325
78,79,0.6862649917602539
79,80,0.6488285064697266
80,81,0.6975054144859314
81,82,0.6603659391403198
82,83,0.7061481475830078
83,84,0.6839386224746704
84,85,0.7137035131454468
85,86,0.7263626456260681
86,87,0.6858860850334167
87,88,0.7262539267539978
88,89,0.6665424704551697
89,90,0.6842554807662964
90,91,0.7672183513641357
91,92,0.6856390237808228
92,93,0.6939754486083984
93,94,0.7094526290893555
94,95,0.6919881701469421
95,96,0.6565366983413696
96,97,0.7053537368774414
97,98,0.6808266043663025
98,99,0.6997102499008179
99,100,0.7160652279853821
100,101,0.6945729851722717
101,102,0.7083386778831482
102,103,0.7004189491271973
103,104,0.672514796257019
104,105,0.7330257892608643
105,106,0.7001588940620422
106,107,0.7230581045150757
107,108,0.6670729517936707
108,109,0.6813811659812927
109,110,0.6651768684387207
110,111,0.6410759091377258
111,112,0.6887663006782532
112,113,0.7029318809509277
113,114,0.6956875324249268
114,115,0.6624205112457275
115,116,0.681888997554779
116,117,0.6867148280143738
117,118,0.693705141544342
118,119,0.7029212117195129
119,120,0.6703476905822754
120,121,0.6965916156768799
121,122,0.7044150233268738
122,123,0.6870017647743225
123,124,0.7104662656784058
124,125,0.7235109210014343
125,126,0.7107704877853394
126,127,0.7276895642280579
127,128,0.6761719584465027
128,129,0.6928855776786804
129,130,0.6576533913612366
130,131,0.6772698163986206
131,132,0.7135331630706787
132,133,0.6981762647628784
133,134,0.6957762241363525
134,135,0.6658481955528259
135,136,0.7203316688537598
136,137,0.6736065149307251
137,138,0.6950224041938782
138,139,0.6923302412033081
139,140,0.6909069418907166
140,141,0.7057693004608154
141,142,0.6945520639419556
142,143,0.7137532234191895
143,144,0.7137271761894226
144,145,0.6810166239738464
145,146,0.6967068910598755
146,147,0.7091478109359741
147,148,0.7132410407066345
148,149,0.7029694318771362
149,150,0.702418327331543
150,151,0.7022315263748169
151,152,0.7140006422996521
152,153,0.6743013858795166
153,154,0.6766775846481323
154,155,0.7257792949676514
155,156,0.687728226184845
156,157,0.6904300451278687
157,158,0.7315644025802612
158,159,0.6917687058448792
159,160,0.679791271686554
160,161,0.7004213333129883
161,162,0.6793697476387024
162,163,0.7030806541442871
163,164,0.7149963974952698
164,165,0.6953864693641663
165,166,0.6936003565788269
166,167,0.6908945441246033
167,168,0.6716820001602173
168,169,0.7153692841529846
169,170,0.6885546445846558
170,171,0.7062037587165833
171,172,0.6873033046722412
172,173,0.6990928649902344
173,174,0.713595986366272
174,175,0.6990903615951538
175,176,0.7123199105262756
176,177,0.6997346878051758
177,178,0.7036632895469666
178,179,0.7083513736724854
179,180,0.6904480457305908
180,181,0.690251350402832
181,182,0.6822807192802429
182,183,0.6818130016326904
183,184,0.6937483549118042
184,185,0.7269919514656067
185,186,0.6716848611831665
186,187,0.6709606647491455
187,188,0.6730958819389343
188,189,0.6789283752441406
189,190,0.7046130895614624
190,191,0.6767114996910095
191,192,0.714024007320404
192,193,0.6801313757896423
193,194,0.7033346891403198
194,195,0.7036348581314087
195,196,0.7115757465362549
196,197,0.6719274520874023
197,198,0.6893221735954285
198,199,0.688984751701355
199,200,0.687138557434082
200,201,0.7348359227180481
201,202,0.7167463302612305
202,203,0.6949767470359802
203,204,0.6974645256996155
204,205,0.7013697028160095
205,206,0.7458701729774475
206,207,0.7018598318099976
207,208,0.6955397725105286
208,209,0.6918771862983704
209,210,0.6830756068229675
210,211,0.6774545907974243
211,212,0.6980890035629272
212,213,0.6940561532974243
213,214,0.6930066347122192
214,215,0.6992248892784119
215,216,0.6910367012023926
216,217,0.6917997002601624
217,218,0.702285647392273
218,219,0.6802345514297485
219,220,0.6789810657501221
220,221,0.7111972570419312
221,222,0.6656848192214966
222,223,0.7182352542877197
223,224,0.7082121968269348
224,225,0.6947575807571411
225,226,0.6940075159072876
226,227,0.6780804991722107
227,228,0.7043692469596863
228,229,0.6887627840042114
229,230,0.7004106640815735
230,231,0.7101144194602966
231,232,0.6741483211517334
232,233,0.6934723854064941
233,234,0.6817885041236877
234,235,0.662798285484314
235,236,0.6791918873786926
236,237,0.7094296216964722
237,238,0.6887267231941223
238,239,0.6758684515953064
239,240,0.7139108180999756
240,241,0.7089674472808838
241,242,0.652062714099884
242,243,0.6672090888023376
243,244,0.6849559545516968
244,245,0.7052419185638428
245,246,0.6841445565223694
246,247,0.6914187073707581
247,248,0.6828473806381226
248,249,0.6937707662582397
249,250,0.6817485690116882
250,251,0.6945011615753174
251,252,0.6979987025260925
252,253,0.6940410733222961
253,254,0.7031214833259583
254,255,0.6763995289802551
255,256,0.6952307224273682
256,257,0.6680518388748169
257,258,0.6820777058601379
258,259,0.706764280796051
259,260,0.6825017929077148
260,261,0.7302314043045044
261,262,0.69283527135849
262,263,0.7124354839324951
263,264,0.6870211362838745
264,265,0.6882978677749634
265,266,0.7234244346618652
266,267,0.689203143119812
267,268,0.7091911435127258
268,269,0.697776734828949
269,270,0.6951984167098999
270,271,0.6693370938301086
271,272,0.67885422706604
272,273,0.673076868057251
273,274,0.7053617835044861
274,275,0.7152586579322815
275,276,0.6963114738464355
276,277,0.6907756924629211
277,278,0.7105909585952759
278,279,0.6781671047210693
279,280,0.7131698727607727
280,281,0.7182185053825378
281,282,0.6811010241508484
282,283,0.659998893737793
283,284,0.6940388679504395
284,285,0.6696465015411377
285,286,0.6827135682106018
286,287,0.6919115781784058
287,288,0.7349700331687927
288,289,0.6967974305152893
289,290,0.6914440393447876
290,291,0.6978475451469421
291,292,0.6905375719070435
292,293,0.6764028668403625
293,294,0.7115705609321594
294,295,0.6634533405303955
295,296,0.7046679854393005
296,297,0.6943719387054443
297,298,0.7017239332199097
298,299,0.7116494178771973
299,300,0.7056781053543091
300,301,0.7027873992919922
301,302,0.7120987772941589
302,303,0.6950761675834656
303,304,0.6886360049247742
304,305,0.6803009510040283
305,306,0.680070161819458
306,307,0.7063488960266113
307,308,0.6914210319519043
308,309,0.7073723673820496
309,310,0.6925100684165955
310,311,0.7276586890220642
311,312,0.6738743185997009
312,313,0.6938274502754211
313,314,0.6845395565032959
314,315,0.6955893039703369
315,316,0.7064189910888672
316,317,0.7004771828651428
317,318,0.6930384039878845
318,319,0.7177724838256836
319,320,0.6853764057159424
320,321,0.6912630200386047
321,322,0.716953456401825
322,323,0.6990072727203369
323,324,0.675666332244873
324,325,0.6889578104019165
325,326,0.7116605043411255
326,327,0.7039623260498047
327,328,0.6918285489082336
328,329,0.6891140937805176
329,330,0.714860737323761
330,331,0.6774073243141174
331,332,0.7001020312309265
332,333,0.7044070363044739
333,334,0.6925617456436157
334,335,0.6641181111335754
335,336,0.7021394968032837
336,337,0.6961460113525391
337,338,0.6977184414863586
338,339,0.7196439504623413
339,340,0.6820981502532959
340,341,0.6956892013549805
341,342,0.6898577213287354
342,343,0.6701390743255615
343,344,0.7081355452537537
344,345,0.6970744132995605
345,346,0.7011429071426392
346,347,0.6944334506988525
347,348,0.6781181693077087
348,349,0.7073807716369629
349,350,0.6864741444587708
350,351,0.706405520439148
351,352,0.6939188838005066
352,353,0.6809043288230896
353,354,0.6962447762489319
354,355,0.6649179458618164
355,356,0.6988524198532104
356,357,0.6845090985298157
357,358,0.6729912757873535
358,359,0.6923977732658386
359,360,0.7091127038002014
360,361,0.7003058791160583
361,362,0.681469738483429
362,363,0.6790711283683777
363,364,0.6798288226127625
364,365,0.6971040368080139
365,366,0.6861843466758728
366,367,0.7132490277290344
367,368,0.6816162467002869
368,369,0.6982568502426147
369,370,0.6901450753211975
370,371,0.7197995185852051
371,372,0.6740767955780029
372,373,0.6788154244422913
373,374,0.6873632073402405
374,375,0.679888904094696
375,376,0.7155387997627258
376,377,0.714195966720581
377,378,0.6853541135787964
378,379,0.7148512601852417
379,380,0.6856972575187683
380,381,0.7113004922866821
381,382,0.6843882203102112
382,383,0.7175015807151794
383,384,0.6908893585205078
384,385,0.6791306734085083
385,386,0.6900156736373901
386,387,0.7079564332962036
387,388,0.7057272791862488
388,389,0.6763855218887329
389,390,0.687177300453186
390,391,0.6877965331077576
391,392,0.6904001235961914
392,393,0.6789626479148865
393,394,0.675847589969635
394,395,0.6849842071533203
395,396,0.7016071677207947
396,397,0.6720414161682129
397,398,0.7031664848327637
398,399,0.7197220921516418
399,400,0.6949809193611145
400,401,0.709542989730835
401,402,0.6768593192100525
402,403,0.7033164501190186
403,404,0.6750411987304688
404,405,0.706641435623169
405,406,0.7048938870429993
406,407,0.6982287168502808
407,408,0.7012399435043335
408,409,0.6920746564865112
409,410,0.67884761095047
410,411,0.6977940201759338
411,412,0.7108033299446106
412,413,0.6964542865753174
413,414,0.6843888759613037
414,415,0.7092816233634949
415,416,0.7041637301445007
416,417,0.6813874840736389
417,418,0.6812922954559326
418,419,0.6870836019515991
419,420,0.6905086040496826
420,421,0.6757314801216125
421,422,0.7150129675865173
422,423,0.6906740665435791
423,424,0.7089272737503052
424,425,0.6745668053627014
425,426,0.6786289811134338
426,427,0.6867519021034241
427,428,0.694817304611206
428,429,0.6883484125137329
429,430,0.6721126437187195
430,431,0.6871024370193481
431,432,0.6653845310211182
432,433,0.7024043202400208
433,434,0.7098893523216248
434,435,0.7008280158042908
435,436,0.7083423733711243
436,437,0.6933032870292664
437,438,0.7147252559661865
438,439,0.7013306617736816
439,440,0.7066870331764221
440,441,0.7217583656311035
441,442,0.680709183216095
442,443,0.6845967173576355
443,444,0.6846952438354492
444,445,0.7118915319442749
445,446,0.6681723594665527
446,447,0.6920267939567566
447,448,0.6635043621063232
448,449,0.6877836585044861
449,450,0.7229065299034119
450,451,0.6885496377944946
451,452,0.6862612366676331
452,453,0.7236703038215637
453,454,0.6808557510375977
454,455,0.7238367795944214
455,456,0.6969004273414612
456,457,0.7055160999298096
457,458,0.6833014488220215
458,459,0.6984934210777283
459,460,0.6815589666366577
460,461,0.6844000220298767
461,462,0.7085151672363281
462,463,0.6759123802185059
463,464,0.6968256235122681
464,465,0.6788020730018616
465,466,0.6968015432357788
466,467,0.6929291486740112
467,468,0.6993328332901001
468,469,0.7020201086997986
469,470,0.6547275185585022
470,471,0.7113615870475769
471,472,0.6901514530181885
472,473,0.697909951210022
473,474,0.7087550163269043
474,475,0.6988832354545593
475,476,0.7114624381065369
476,477,0.7028942108154297
477,478,0.6977835297584534
478,479,0.6783210635185242
479,480,0.6723477244377136
480,481,0.6752225756645203
481,482,0.6913809776306152
482,483,0.7150623798370361
483,484,0.6956191062927246
484,485,0.6953570246696472
485,486,0.7044453620910645
486,487,0.6854702234268188
487,488,0.6956487894058228
488,489,0.6874908804893494
489,490,0.6933871507644653
490,491,0.7391159534454346
491,492,0.722428560256958
492,493,0.6772169470787048
493,494,0.7023347020149231
494,495,0.6748095154762268
495,496,0.6883324980735779
496,497,0.6992526054382324
497,498,0.7070522308349609
498,499,0.6972545385360718
499,500,0.6755419969558716
500,501,0.6917771100997925
501,502,0.707293689250946
502,503,0.691709041595459
503,504,0.6801780462265015
504,505,0.6871423721313477
505,506,0.6857254505157471
506,507,0.7142409086227417
507,508,0.7064116597175598
508,509,0.6903805136680603
509,510,0.6873418092727661
510,511,0.6966138482093811
511,512,0.7124285697937012
512,513,0.7100988626480103
513,514,0.7047716975212097
514,515,0.6987735629081726
515,516,0.7067315578460693
516,517,0.6669119596481323
517,518,0.6671710014343262
518,519,0.7142356634140015
519,520,0.6834909319877625
520,521,0.6864829063415527
521,522,0.7110455632209778
522,523,0.6973034143447876
523,524,0.6918381452560425
524,525,0.6809776425361633
525,526,0.686930239200592
526,527,0.7008699774742126
527,528,0.6733880639076233
528,529,0.7086799144744873
529,530,0.6843762397766113
530,531,0.7037554383277893
531,532,0.710071861743927
532,533,0.6925270557403564
533,534,0.696146547794342
534,535,0.7102296352386475
535,536,0.6886983513832092
536,537,0.6944743990898132
537,538,0.6748337745666504
538,539,0.6881716847419739
539,540,0.6961187124252319
540,541,0.6714233160018921
541,542,0.7152667045593262
542,543,0.6806434988975525
543,544,0.7043887376785278
544,545,0.7038509845733643
545,546,0.7114973068237305
546,547,0.6798699498176575
547,548,0.695110023021698
548,549,0.6969640254974365
549,550,0.7035231590270996
550,551,0.7261521220207214
551,552,0.7045577168464661
552,553,0.6942461133003235
553,554,0.7059293389320374
554,555,0.6962310671806335
555,556,0.712860643863678
556,557,0.7044299840927124
557,558,0.6979252696037292
558,559,0.6891369223594666
559,560,0.6731353402137756
560,561,0.6939995288848877
561,562,0.7000178694725037
562,563,0.6984785199165344
563,564,0.6846030354499817
564,565,0.695709764957428
565,566,0.6898528337478638
566,567,0.7017262578010559
567,568,0.6904591917991638
568,569,0.6786941885948181
569,570,0.693462610244751
570,571,0.6902639865875244
571,572,0.6780036687850952
572,573,0.6992757320404053
573,574,0.7003957033157349
574,575,0.693219006061554
575,576,0.7112955451011658
576,577,0.6661862730979919
577,578,0.693793773651123
578,579,0.6964704394340515
579,580,0.6929282546043396
580,581,0.6867607831954956
581,582,0.6951540112495422
582,583,0.6890137195587158
583,584,0.6825629472732544
584,585,0.6818997859954834
585,586,0.7072537541389465
586,587,0.6929241418838501
587,588,0.6947618722915649
588,589,0.6757681965827942
589,590,0.7006081342697144
590,591,0.7086141705513
591,592,0.6686299443244934
592,593,0.6920793652534485
593,594,0.7053344249725342
594,595,0.6852996349334717
595,596,0.6777631640434265
596,597,0.6823922991752625
597,598,0.6884762048721313
598,599,0.6997867226600647
599,600,0.6834705471992493
600,601,0.6799356937408447
601,602,0.708769679069519
602,603,0.7082124948501587
603,604,0.6946189999580383
604,605,0.6798459887504578
605,606,0.6945338845252991
606,607,0.6798010468482971
607,608,0.6875972747802734
608,609,0.6908066868782043
609,610,0.6954255700111389
610,611,0.7171069979667664
611,612,0.6835340261459351
612,613,0.6993618607521057
613,614,0.6792628169059753
614,615,0.6930205821990967
615,616,0.7289514541625977
616,617,0.6836902499198914
617,618,0.7002052664756775
618,619,0.7002855539321899
619,620,0.696225106716156
620,621,0.6726924180984497
621,622,0.6851631999015808
622,623,0.675348162651062
623,624,0.6942378282546997
624,625,0.7009624242782593
625,626,0.6962901949882507
626,627,0.6866589784622192
627,628,0.7020196318626404
628,629,0.6884918808937073
629,630,0.7178481817245483
630,631,0.6997620463371277
631,632,0.7038596868515015
632,633,0.6792480945587158
633,634,0.6937808990478516
634,635,0.6844050288200378
635,636,0.7024434804916382
636,637,0.6900390982627869
637,638,0.685417890548706
638,639,0.6908597946166992
639,640,0.6733962893486023
640,641,0.6848616003990173
641,642,0.6923373937606812
642,643,0.682506799697876
643,644,0.7111203670501709
644,645,0.6873014569282532
645,646,0.6967992186546326
646,647,0.6893982291221619
647,648,0.6982220411300659
648,649,0.7044398784637451
649,650,0.7007908225059509
650,651,0.6999610066413879
651,652,0.6970915794372559
652,653,0.7032874822616577
653,654,0.6923168301582336
654,655,0.6816821098327637
655,656,0.6757184267044067
656,657,0.6761285066604614
657,658,0.685824990272522
658,659,0.6952083706855774
659,660,0.7011034488677979
660,661,0.6952469348907471
661,662,0.6916608214378357
662,663,0.6958968639373779
663,664,0.6887480020523071
664,665,0.702642560005188
665,666,0.6717790961265564
666,667,0.7083944082260132
667,668,0.6735197305679321
668,669,0.7138135433197021
669,670,0.6730604767799377
670,671,0.7207591533660889
671,672,0.7036718130111694
672,673,0.6838107705116272
673,674,0.7027448415756226
674,675,0.7088884115219116
675,676,0.6923171877861023
676,677,0.7000793814659119
677,678,0.6930850148200989
678,679,0.6964858174324036
679,680,0.6905595064163208
680,681,0.6858144998550415
681,682,0.6836282014846802
682,683,0.6975207924842834
683,684,0.6947158575057983
684,685,0.6960762143135071
685,686,0.696787416934967
686,687,0.698840320110321
687,688,0.6891634464263916
688,689,0.706376850605011
689,690,0.6858564019203186
690,691,0.6971858143806458
691,692,0.6947888731956482
692,693,0.7053070068359375
693,694,0.6939998269081116
694,695,0.6805384159088135
695,696,0.6853480339050293
696,697,0.6944443583488464
697,698,0.7090407609939575
698,699,0.7000920176506042
699,700,0.7001913785934448
700,701,0.6995929479598999
701,702,0.7031383514404297
702,703,0.6952167749404907
703,704,0.7036081552505493
704,705,0.6827234625816345
705,706,0.6974223256111145
706,707,0.695432186126709
707,708,0.6850777268409729
708,709,0.6933337450027466
709,710,0.6917411088943481
710,711,0.6810384392738342
711,712,0.6820590496063232
712,713,0.6844336986541748
713,714,0.6925646066665649
714,715,0.6923398375511169
715,716,0.693591296672821
716,717,0.703117311000824
717,718,0.6808746457099915
718,719,0.7012117505073547
719,720,0.6975364089012146
720,721,0.7035433053970337
721,722,0.6795805096626282
722,723,0.6934153437614441
723,724,0.6848954558372498
724,725,0.6882330179214478
725,726,0.707334578037262
726,727,0.692035973072052
727,728,0.6809449791908264
728,729,0.7090731859207153
729,730,0.7006878852844238
730,731,0.7067378163337708
731,732,0.7003138661384583
732,733,0.6949068903923035
733,734,0.6955732703208923
734,735,0.6908639073371887
735,736,0.6939516067504883
736,737,0.6970235109329224
737,738,0.7076019048690796
738,739,0.6992155909538269
739,740,0.7016796469688416
740,741,0.6897698640823364
741,742,0.6885969042778015
742,743,0.6928954720497131
743,744,0.6873002052307129
744,745,0.7151122689247131
745,746,0.6778780221939087
746,747,0.6613945364952087
747,748,0.7058686017990112
748,749,0.71279376745224
749,750,0.6871392130851746
750,751,0.7072678208351135
751,752,0.6735478043556213
752,753,0.6996378302574158
753,754,0.6815840005874634
754,755,0.7168186902999878
755,756,0.6950019001960754
756,757,0.6986585855484009
757,758,0.6824928522109985
758,759,0.6897763013839722
759,760,0.6841641068458557
760,761,0.6920658349990845
761,762,0.6975540518760681
762,763,0.6943326592445374
763,764,0.7008323073387146
764,765,0.6973254084587097
765,766,0.693482518196106
766,767,0.663959264755249
767,768,0.7028307914733887
768,769,0.6791103482246399
769,770,0.7099626660346985
770,771,0.6874875426292419
771,772,0.6948027014732361
772,773,0.6816335916519165
773,774,0.6697817444801331
774,775,0.6925280094146729
775,776,0.6864954233169556
776,777,0.7040483951568604
777,778,0.685299277305603
778,779,0.7026810646057129
779,780,0.6880490779876709
780,781,0.6915849447250366
781,782,0.6867525577545166
782,783,0.6941653490066528
783,784,0.6815445423126221
784,785,0.6982282400131226
785,786,0.7051624059677124
786,787,0.6869833469390869
787,788,0.706910252571106
788,789,0.6867104768753052
789,790,0.6873320937156677
790,791,0.7007513046264648
791,792,0.705312192440033
792,793,0.686936616897583
793,794,0.6980693936347961
794,795,0.6996983289718628
795,796,0.6764397025108337
796,797,0.6946702003479004
797,798,0.7079123258590698
798,799,0.6885713934898376
799,800,0.6874849796295166
800,801,0.720966637134552
801,802,0.6991116404533386
802,803,0.7036188244819641
803,804,0.6737852096557617
804,805,0.6946732997894287
805,806,0.6940937042236328
806,807,0.6899837851524353
807,808,0.6745337247848511
808,809,0.6833227872848511
809,810,0.6767606139183044
810,811,0.6850123405456543
811,812,0.6903921365737915
812,813,0.71153724193573
813,814,0.6805226802825928
814,815,0.6904982924461365
815,816,0.6954566836357117
816,817,0.7025214433670044
817,818,0.6978014707565308
818,819,0.6919298768043518
819,820,0.6899454593658447
820,821,0.6929397583007812
821,822,0.6776719689369202
822,823,0.6954450607299805
823,824,0.6882016658782959
824,825,0.6807898879051208
825,826,0.6961739659309387
826,827,0.6939341425895691
827,828,0.6933935880661011
828,829,0.6900966167449951
829,830,0.6926903128623962
830,831,0.6785190105438232
831,832,0.7004686594009399
832,833,0.7059117555618286
833,834,0.7060380578041077
834,835,0.688073456287384
835,836,0.7090880274772644
836,837,0.6784845590591431
837,838,0.668635904788971
838,839,0.6935070753097534
839,840,0.6908044219017029
840,841,0.6853944659233093
841,842,0.7016180753707886
842,843,0.6957011222839355
843,844,0.6841521263122559
844,845,0.6891592144966125
845,846,0.6847826242446899
846,847,0.6959277391433716
847,848,0.7096989750862122
848,849,0.6911049485206604
849,850,0.6950864195823669
850,851,0.6980658769607544
851,852,0.7040266990661621
852,853,0.6989806890487671
853,854,0.6727731823921204
854,855,0.6928033828735352
855,856,0.705929696559906
856,857,0.6789416074752808
857,858,0.6975533366203308
858,859,0.6913745999336243
859,860,0.6777593493461609
860,861,0.6922971606254578
861,862,0.6999157071113586
862,863,0.7030396461486816
863,864,0.7096167802810669
864,865,0.6910187005996704
865,866,0.6987214088439941
866,867,0.7050346732139587
867,868,0.6796700358390808
868,869,0.7044253349304199
869,870,0.676757276058197
870,871,0.672989547252655
871,872,0.7091143727302551
872,873,0.6900392174720764
873,874,0.7010068297386169
874,875,0.6923458576202393
875,876,0.6915726065635681
876,877,0.6718298196792603
877,878,0.6788109540939331
878,879,0.6966385841369629
879,880,0.6851621866226196
880,881,0.7104595303535461
881,882,0.6945049166679382
882,883,0.7019144892692566
883,884,0.6865339875221252
884,885,0.682041347026825
885,886,0.6972132921218872
886,887,0.7003758549690247
887,888,0.6821550130844116
888,889,0.686934769153595
889,890,0.7072177529335022
890,891,0.7029637694358826
891,892,0.7028093338012695
892,893,0.7045782804489136
893,894,0.6934582591056824
894,895,0.6566518545150757
895,896,0.6683582663536072
896,897,0.6710723042488098
897,898,0.6796705722808838
898,899,0.6917497515678406
899,900,0.6862725019454956
900,901,0.6847676634788513
901,902,0.6827669739723206
902,903,0.7032251954078674
903,904,0.6844625473022461
904,905,0.6880959868431091
905,906,0.7186563014984131
906,907,0.6787146925926208
907,908,0.6836957931518555
908,909,0.692380428314209
909,910,0.6915844082832336
910,911,0.6867196559906006
911,912,0.6800538301467896
912,913,0.6802412271499634
913,914,0.6888713240623474
914,915,0.6775588989257812
915,916,0.69732666015625
916,917,0.7067063450813293
917,918,0.6917575001716614
918,919,0.6779959201812744
919,920,0.6986040472984314
920,921,0.6959477066993713
921,922,0.6848227977752686
922,923,0.6985357403755188
923,924,0.6851836442947388
924,925,0.6906341314315796
925,926,0.6965420842170715
926,927,0.6720431447029114
927,928,0.692997932434082
928,929,0.689655601978302
929,930,0.705962061882019
930,931,0.697176992893219
931,932,0.6875303387641907
932,933,0.7032025456428528
933,934,0.7016358971595764
934,935,0.6817150712013245
935,936,0.6831183433532715
936,937,0.6956064701080322
937,938,0.6865456104278564
938,939,0.6810979247093201
939,940,0.6972174644470215
940,941,0.687104344367981
941,942,0.701959490776062
942,943,0.6895663738250732
943,944,0.697577714920044
944,945,0.6990574598312378
945,946,0.6826662421226501
946,947,0.6982178092002869
947,948,0.6879295110702515
948,949,0.6766995787620544
949,950,0.6841349005699158
950,951,0.6904179453849792
951,952,0.6894917488098145
952,953,0.6909051537513733
953,954,0.6935430765151978
954,955,0.6731768846511841
955,956,0.7013330459594727
956,957,0.689509391784668
957,958,0.6892622113227844
958,959,0.7052646279335022
959,960,0.7042053937911987
960,961,0.6978187561035156
961,962,0.6811398267745972
962,963,0.6803536415100098
963,964,0.6871773600578308
964,965,0.689686119556427
965,966,0.679395854473114
966,967,0.6896966099739075
967,968,0.7098485231399536
968,969,0.7050180435180664
969,970,0.689751923084259
970,971,0.6807998418807983
971,972,0.7002633810043335
972,973,0.6862584352493286
973,974,0.7031028866767883
974,975,0.7071183323860168
975,976,0.698200523853302
976,977,0.684320330619812
977,978,0.7251563668251038
978,979,0.6778632998466492
979,980,0.6943579912185669
980,981,0.6979454755783081
981,982,0.6935741901397705
982,983,0.686704695224762
983,984,0.7014457583427429
984,985,0.6866528987884521
985,986,0.7040558457374573
986,987,0.6935410499572754
987,988,0.6782805323600769
988,989,0.6902015805244446
989,990,0.6717610955238342
990,991,0.7022731304168701
991,992,0.6913512945175171
992,993,0.6925625205039978
993,994,0.6908864974975586
994,995,0.6662122011184692
995,996,0.6817729473114014
996,997,0.6836421489715576
997,998,0.6700955629348755
998,999,0.6942639946937561
999,1000,0.7042328119277954
1000,1001,0.6896844506263733
1001,1002,0.698667585849762
1002,1003,0.695012092590332
1003,1004,0.6851688027381897
1004,1005,0.6964439749717712
1005,1006,0.6907715797424316
1006,1007,0.7026554942131042
1007,1008,0.6929179430007935
1008,1009,0.675743043422699
1009,1010,0.6919865012168884
1010,1011,0.6953673958778381
1011,1012,0.6848700046539307
1012,1013,0.6862119436264038
1013,1014,0.690995991230011
1014,1015,0.7040514945983887
1015,1016,0.6896834373474121
1016,1017,0.7010353207588196
1017,1018,0.7002074718475342
1018,1019,0.6949452757835388
1019,1020,0.6951593160629272
1020,1021,0.6927302479743958
1021,1022,0.7015268206596375
1022,1023,0.6987309455871582
1023,1024,0.6930615901947021
1024,1025,0.6899672746658325
1025,1026,0.7068831920623779
1026,1027,0.685612678527832
1027,1028,0.6971737146377563
1028,1029,0.7006188035011292
1029,1030,0.6897016167640686
1030,1031,0.6909457445144653
1031,1032,0.6980915069580078
1032,1033,0.7131138443946838
1033,1034,0.6849601864814758
1034,1035,0.6857339143753052
1035,1036,0.6742440462112427
1036,1037,0.704616367816925
1037,1038,0.6945754289627075
1038,1039,0.7000981569290161
1039,1040,0.7016783952713013
1040,1041,0.702218234539032
1041,1042,0.702570378780365
1042,1043,0.6857927441596985
1043,1044,0.6918709874153137
1044,1045,0.6769810318946838
1045,1046,0.7011789083480835
1046,1047,0.7016309499740601
1047,1048,0.6856021881103516
1048,1049,0.6777160167694092
1049,1050,0.6860182285308838
1050,1051,0.7134155631065369
1051,1052,0.7015080451965332
1052,1053,0.6963303685188293
1053,1054,0.693977415561676
1054,1055,0.693558931350708
1055,1056,0.7054096460342407
1056,1057,0.6922178864479065
1057,1058,0.6977773308753967
1058,1059,0.6814212799072266
1059,1060,0.6862372159957886
1060,1061,0.6741650104522705
1061,1062,0.6812886595726013
1062,1063,0.6932229995727539
1063,1064,0.6893553137779236
1064,1065,0.6954540610313416
1065,1066,0.6944369077682495
1066,1067,0.6888328194618225
1067,1068,0.7029986381530762
1068,1069,0.6831011772155762
1069,1070,0.6898165941238403
1070,1071,0.697213888168335
1071,1072,0.6774547100067139
1072,1073,0.6737484335899353
1073,1074,0.6960563063621521
1074,1075,0.6894500255584717
1075,1076,0.705007016658783
1076,1077,0.6816678047180176
1077,1078,0.6784442067146301
1078,1079,0.701996386051178
1079,1080,0.6907667517662048
1080,1081,0.697161078453064
1081,1082,0.688361406326294
1082,1083,0.690048098564148
1083,1084,0.7113615274429321
1084,1085,0.6825273633003235
1085,1086,0.7064136862754822
1086,1087,0.7034885287284851
1087,1088,0.7000263929367065
1088,1089,0.6859427094459534
1089,1090,0.6945226192474365
1090,1091,0.707724928855896
1091,1092,0.7059376835823059
1092,1093,0.6745554208755493
1093,1094,0.7060269713401794
1094,1095,0.6840991377830505
1095,1096,0.6958725452423096
1096,1097,0.6742321252822876
1097,1098,0.7029909491539001
1098,1099,0.6926643252372742
1099,1100,0.6931105852127075
1100,1101,0.6924343705177307
1101,1102,0.6880416870117188
1102,1103,0.6976081132888794
1103,1104,0.6873210072517395
1104,1105,0.7106484770774841
1105,1106,0.7035841941833496
1106,1107,0.7033429741859436
1107,1108,0.7049057483673096
1108,1109,0.686587929725647
1109,1110,0.7088939547538757
1110,1111,0.6969123482704163
1111,1112,0.6885238885879517
1112,1113,0.704689085483551
1113,1114,0.6885569095611572
1114,1115,0.6958634853363037
1115,1116,0.706994354724884
1116,1117,0.6734551191329956
1117,1118,0.6957341432571411
1118,1119,0.688075065612793
1119,1120,0.6849746704101562
1120,1121,0.6836716532707214
1121,1122,0.6877397894859314
1122,1123,0.6901656985282898
1123,1124,0.6838393211364746
1124,1125,0.7078402638435364
1125,1126,0.6869038343429565
1126,1127,0.669338583946228
1127,1128,0.692474901676178
1128,1129,0.6855666637420654
1129,1130,0.6798290014266968
1130,1131,0.6851119995117188
1131,1132,0.6796076893806458
1132,1133,0.6852184534072876
1133,1134,0.697458028793335
1134,1135,0.696545422077179
1135,1136,0.6947351694107056
1136,1137,0.6990121006965637
1137,1138,0.7068581581115723
1138,1139,0.6918842792510986
1139,1140,0.6897501945495605
1140,1141,0.7241939902305603
1141,1142,0.6911927461624146
1142,1143,0.6928637027740479
1143,1144,0.6944981813430786
1144,1145,0.6831696033477783
1145,1146,0.6995736956596375
1146,1147,0.6979130506515503
1147,1148,0.6996496915817261
1148,1149,0.7033209204673767
1149,1150,0.7011173367500305
1150,1151,0.6995195150375366
1151,1152,0.6900796294212341
1152,1153,0.6941295862197876
1153,1154,0.6821622848510742
1154,1155,0.696968138217926
1155,1156,0.6905220150947571
1156,1157,0.6893512606620789
1157,1158,0.6880788207054138
1158,1159,0.6992563009262085
1159,1160,0.6869519948959351
1160,1161,0.6884253621101379
1161,1162,0.6964778900146484
1162,1163,0.6941518783569336
1163,1164,0.6817331314086914
1164,1165,0.69476318359375
1165,1166,0.6899553537368774
1166,1167,0.7114678025245667
1167,1168,0.6944401264190674
1168,1169,0.6981916427612305
1169,1170,0.6930230855941772
1170,1171,0.6850187182426453
1171,1172,0.6930493116378784
1172,1173,0.6880186796188354
1173,1174,0.7021338939666748
1174,1175,0.6981537342071533
1175,1176,0.6829051971435547
1176,1177,0.6936498284339905
1177,1178,0.68537437915802
1178,1179,0.7038607597351074
1179,1180,0.6850337386131287
1180,1181,0.6690464615821838
1181,1182,0.6940670013427734
1182,1183,0.7001125812530518
1183,1184,0.6998540163040161
1184,1185,0.7052550315856934
1185,1186,0.6914480924606323
1186,1187,0.7008261680603027
1187,1188,0.6844335794448853
1188,1189,0.6879801154136658
1189,1190,0.7093833684921265
1190,1191,0.6705046892166138
1191,1192,0.6804012060165405
1192,1193,0.673976719379425
1193,1194,0.7063493132591248
1194,1195,0.6850319504737854
1195,1196,0.6937215924263
1196,1197,0.6999899744987488
1197,1198,0.6924632787704468
1198,1199,0.6824214458465576
1199,1200,0.6923571825027466
1200,1201,0.6781346797943115
1201,1202,0.6970889568328857
1202,1203,0.6900917887687683
1203,1204,0.707106351852417
1204,1205,0.7004086375236511
1205,1206,0.7061638236045837
1206,1207,0.6971418857574463
1207,1208,0.700489342212677
1208,1209,0.6946457624435425
1209,1210,0.6855775117874146
1210,1211,0.6906306147575378
1211,1212,0.7104717493057251
1212,1213,0.7060655951499939
1213,1214,0.7065731287002563
1214,1215,0.6853123903274536
1215,1216,0.687491238117218
1216,1217,0.6837906837463379
1217,1218,0.6802266836166382
1218,1219,0.7132018804550171
1219,1220,0.6800493597984314
1220,1221,0.6821932196617126
1221,1222,0.6942590475082397
1222,1223,0.6930555105209351
1223,1224,0.6886508464813232
1224,1225,0.7040290832519531
1225,1226,0.6924293041229248
1226,1227,0.6766871809959412
1227,1228,0.6901163458824158
1228,1229,0.6869490146636963
1229,1230,0.6655458807945251
1230,1231,0.6770385503768921
1231,1232,0.6725651025772095
1232,1233,0.6901180744171143
1233,1234,0.6838378310203552
1234,1235,0.695045530796051
1235,1236,0.6864206194877625
1236,1237,0.7069065570831299
1237,1238,0.6928219795227051
1238,1239,0.6846858263015747
1239,1240,0.6930393576622009
1240,1241,0.6986526846885681
1241,1242,0.676138162612915
1242,1243,0.6950488090515137
1243,1244,0.6932029724121094
1244,1245,0.6876618266105652
1245,1246,0.6875230669975281
1246,1247,0.6852683424949646
1247,1248,0.6822145581245422
1248,1249,0.6898550987243652
1249,1250,0.6922570466995239
1250,1251,0.7022196650505066
1251,1252,0.6952084302902222
1252,1253,0.6922130584716797
1253,1254,0.6859237551689148
1254,1255,0.6732107400894165
1255,1256,0.7038183212280273
1256,1257,0.7222524285316467
1257,1258,0.6913464665412903
1258,1259,0.7039168477058411
1259,1260,0.6821829080581665
1260,1261,0.7024156451225281
1261,1262,0.6854100823402405
1262,1263,0.7123862504959106
1263,1264,0.701513409614563
1264,1265,0.6929056644439697
1265,1266,0.6752407550811768
1266,1267,0.7050241827964783
1267,1268,0.6921810507774353
1268,1269,0.6948712468147278
1269,1270,0.6848644614219666
1270,1271,0.704473614692688
1271,1272,0.6958057284355164
1272,1273,0.7050644755363464
1273,1274,0.6930906772613525
1274,1275,0.7012478113174438
1275,1276,0.6875485181808472
1276,1277,0.6926997303962708
1277,1278,0.6943588852882385
1278,1279,0.6844568848609924
1279,1280,0.7039463520050049
1280,1281,0.6899716854095459
1281,1282,0.6876553297042847
1282,1283,0.6827096939086914
1283,1284,0.6909943222999573
1284,1285,0.6815258264541626
1285,1286,0.6968675851821899
1286,1287,0.6985782384872437
1287,1288,0.6814581155776978
1288,1289,0.6742535829544067
1289,1290,0.6915758848190308
1290,1291,0.6887850165367126
1291,1292,0.6775658130645752
1292,1293,0.6856260299682617
1293,1294,0.71458899974823
1294,1295,0.6758761405944824
1295,1296,0.696455180644989
1296,1297,0.7022460103034973
1297,1298,0.6810570955276489
1298,1299,0.6913442611694336
1299,1300,0.6920343637466431
1300,1301,0.6885082721710205
1301,1302,0.6906428337097168
1302,1303,0.7035673260688782
1303,1304,0.678561806678772
1304,1305,0.7021864652633667
1305,1306,0.6970160007476807
1306,1307,0.6845192909240723
1307,1308,0.707801878452301
1308,1309,0.7012595534324646
1309,1310,0.6973844766616821
1310,1311,0.7037528157234192
1311,1312,0.6945376992225647
1312,1313,0.688008189201355
1313,1314,0.6912246942520142
1314,1315,0.6961240172386169
1315,1316,0.7062333226203918
1316,1317,0.6763162612915039
1317,1318,0.704846978187561
1318,1319,0.6943073868751526
1319,1320,0.6987096071243286
1320,1321,0.6804618239402771
1321,1322,0.6845874190330505
1322,1323,0.6919339299201965
1323,1324,0.6865603923797607
1324,1325,0.698043167591095
1325,1326,0.698090672492981
1326,1327,0.6996276378631592
1327,1328,0.6997471451759338
1328,1329,0.6837735176086426
1329,1330,0.7069113254547119
1330,1331,0.6870920658111572
1331,1332,0.6710184812545776
1332,1333,0.681869387626648
1333,1334,0.6866264939308167
1334,1335,0.6598391532897949
1335,1336,0.679131805896759
1336,1337,0.6780319213867188
1337,1338,0.6982463002204895
1338,1339,0.671489953994751
1339,1340,0.6829369068145752
1340,1341,0.6750514507293701
1341,1342,0.6860198974609375
1342,1343,0.6887714862823486
1343,1344,0.70071941614151
1344,1345,0.6731111407279968
1345,1346,0.6921389102935791
1346,1347,0.6953928470611572
1347,1348,0.6877285838127136
1348,1349,0.6922719478607178
1349,1350,0.697322428226471
1350,1351,0.6857403516769409
1351,1352,0.6817435622215271
1352,1353,0.6897017359733582
1353,1354,0.6846413612365723
1354,1355,0.6961585879325867
1355,1356,0.6730544567108154
1356,1357,0.7159320712089539
1357,1358,0.69789057970047
1358,1359,0.7125858068466187
1359,1360,0.6964274644851685
1360,1361,0.7092382907867432
1361,1362,0.6842200756072998
1362,1363,0.7039470672607422
1363,1364,0.7084082365036011
1364,1365,0.6898565292358398
1365,1366,0.68954998254776
1366,1367,0.7047175765037537
1367,1368,0.7024742960929871
1368,1369,0.6882354617118835
1369,1370,0.6909987330436707
1370,1371,0.6853307485580444
1371,1372,0.7092292904853821
1372,1373,0.7150700688362122
1373,1374,0.6899051070213318
1374,1375,0.6909799575805664
1375,1376,0.6866169571876526
1376,1377,0.6996121406555176
1377,1378,0.688758134841919
1378,1379,0.6960992813110352
1379,1380,0.6921185851097107
1380,1381,0.7031167149543762
1381,1382,0.6954216957092285
1382,1383,0.7037962079048157
1383,1384,0.6949131488800049
1384,1385,0.6819003224372864
1385,1386,0.7019972205162048
1386,1387,0.6903151869773865
1387,1388,0.6820039749145508
1388,1389,0.6808356642723083
1389,1390,0.7034140229225159
1390,1391,0.6826062798500061
1391,1392,0.6891846656799316
1392,1393,0.6820627450942993
1393,1394,0.6946261525154114
1394,1395,0.6989477872848511
1395,1396,0.6930046677589417
1396,1397,0.6980288028717041
1397,1398,0.6879055500030518
1398,1399,0.6993529796600342
1399,1400,0.6793622374534607
1400,1401,0.7052655816078186
1401,1402,0.6927989721298218
1402,1403,0.6939140558242798
1403,1404,0.6814873814582825
1404,1405,0.6951046586036682
1405,1406,0.7011376023292542
1406,1407,0.6921823024749756
1407,1408,0.7008074522018433
1408,1409,0.70689857006073
1409,1410,0.7108142375946045
1410,1411,0.6870929598808289
1411,1412,0.6844427585601807
1412,1413,0.6817516088485718
1413,1414,0.6859332919120789
1414,1415,0.6912002563476562
1415,1416,0.6827139258384705
1416,1417,0.6994545459747314
1417,1418,0.702948808670044
1418,1419,0.6845479011535645
1419,1420,0.6824286580085754
1420,1421,0.7014320492744446
1421,1422,0.6792120337486267
1422,1423,0.694466233253479
1423,1424,0.7044338583946228
1424,1425,0.6956803202629089
1425,1426,0.7064129114151001
1426,1427,0.7024877071380615
1427,1428,0.6813598871231079
1428,1429,0.6788015365600586
1429,1430,0.6896329522132874
1430,1431,0.710974395275116
1431,1432,0.6955924034118652
1432,1433,0.6874235272407532
1433,1434,0.683921217918396
1434,1435,0.6838192343711853
1435,1436,0.6922601461410522
1436,1437,0.6804236173629761
1437,1438,0.6853050589561462
1438,1439,0.6762028932571411
1439,1440,0.6972835063934326
1440,1441,0.6760079264640808
1441,1442,0.6915478110313416
1442,1443,0.6899398565292358
1443,1444,0.6833897829055786
1444,1445,0.709172248840332
1445,1446,0.6857246160507202
1446,1447,0.687734842300415
1447,1448,0.6986020803451538
1448,1449,0.6860069632530212
1449,1450,0.704185962677002
1450,1451,0.7077400088310242
1451,1452,0.6829755902290344
1452,1453,0.6688270568847656
1453,1454,0.6880670785903931
1454,1455,0.6896809935569763
1455,1456,0.6927281022071838
1456,1457,0.6863303184509277
1457,1458,0.7041306495666504
1458,1459,0.6866270899772644
1459,1460,0.677751898765564
1460,1461,0.6716679334640503
1461,1462,0.7070273160934448
1462,1463,0.6829661726951599
1463,1464,0.6925980448722839
1464,1465,0.6907387375831604
1465,1466,0.6905579566955566
1466,1467,0.6862339973449707
1467,1468,0.6914739608764648
1468,1469,0.6859104037284851
1469,1470,0.6921331286430359
1470,1471,0.6835887432098389
1471,1472,0.6953680515289307
1472,1473,0.6965761184692383
1473,1474,0.6740453839302063
1474,1475,0.6720382571220398
1475,1476,0.7072179317474365
1476,1477,0.6859806776046753
1477,1478,0.6835905909538269
1478,1479,0.6820807456970215
1479,1480,0.6998546123504639
1480,1481,0.6912683844566345
1481,1482,0.6953535079956055
1482,1483,0.6974416375160217
1483,1484,0.6938604712486267
1484,1485,0.6943547129631042
1485,1486,0.7245894074440002
1486,1487,0.6911578178405762
1487,1488,0.6810598969459534
1488,1489,0.6833227872848511
1489,1490,0.6943719387054443
1490,1491,0.6919735074043274
1491,1492,0.6871853470802307
1492,1493,0.6833473443984985
1493,1494,0.6877033114433289
1494,1495,0.6888105273246765
1495,1496,0.7010207176208496
1496,1497,0.6876604557037354
1497,1498,0.6956794261932373
1498,1499,0.7001909613609314
1499,1500,0.704723596572876
1500,1501,0.6835165619850159
1501,1502,0.6861794590950012
1502,1503,0.6868721842765808
1503,1504,0.6893574595451355
1504,1505,0.7011452317237854
1505,1506,0.6999281048774719
1506,1507,0.7065263986587524
1507,1508,0.665583610534668
1508,1509,0.6908254623413086
1509,1510,0.6864563226699829
1510,1511,0.6876062750816345
1511,1512,0.6793113350868225
1512,1513,0.6843677759170532
1513,1514,0.6967287659645081
1514,1515,0.6844237446784973
1515,1516,0.680574893951416
1516,1517,0.6927686929702759
1517,1518,0.6970560550689697
1518,1519,0.6875536441802979
1519,1520,0.6818698644638062
1520,1521,0.6927483081817627
1521,1522,0.7012995481491089
1522,1523,0.6978049874305725
1523,1524,0.692409873008728
1524,1525,0.6997382640838623
1525,1526,0.6984719038009644
1526,1527,0.7023051977157593
1527,1528,0.7003543972969055
1528,1529,0.686265230178833
1529,1530,0.679675281047821
1530,1531,0.702232301235199
1531,1532,0.6930667161941528
1532,1533,0.6894354224205017
1533,1534,0.7014433145523071
1534,1535,0.689191997051239
1535,1536,0.7026492953300476
1536,1537,0.6985295414924622
1537,1538,0.6903901696205139
1538,1539,0.6896517872810364
1539,1540,0.6937323808670044
1540,1541,0.709991455078125
1541,1542,0.6837169528007507
1542,1543,0.6841491460800171
1543,1544,0.6915679574012756
1544,1545,0.6972825527191162
1545,1546,0.6930439472198486
1546,1547,0.6955536007881165
1547,1548,0.690969705581665
1548,1549,0.7060567736625671
1549,1550,0.6832288503646851
1550,1551,0.7070726752281189
1551,1552,0.6942862868309021
1552,1553,0.700823962688446
1553,1554,0.6855588555335999
1554,1555,0.6948440074920654
1555,1556,0.684299886226654
1556,1557,0.7139229774475098
1557,1558,0.6966128349304199
1558,1559,0.6895859241485596
1559,1560,0.6843136548995972
1560,1561,0.6862437725067139
1561,1562,0.6988134384155273
1562,1563,0.6930058002471924
1563,1564,0.6976209878921509
1564,1565,0.6989359259605408
1565,1566,0.7065978050231934
1566,1567,0.6881664395332336
1567,1568,0.7049418687820435
1568,1569,0.7061267495155334
1569,1570,0.6933712959289551
1570,1571,0.6937840580940247
1571,1572,0.695558488368988
1572,1573,0.6941991448402405
1573,1574,0.7047139406204224
1574,1575,0.6895198822021484
1575,1576,0.6949135661125183
1576,1577,0.6978124380111694
1577,1578,0.7076125741004944
1578,1579,0.7108966708183289
1579,1580,0.6971793174743652
1580,1581,0.6958057880401611
1581,1582,0.6915426254272461
1582,1583,0.6838562488555908
1583,1584,0.7051567435264587
1584,1585,0.6892381310462952
1585,1586,0.6944049596786499
1586,1587,0.6835095286369324
1587,1588,0.6977541446685791
1588,1589,0.6928194761276245
1589,1590,0.6859574317932129
1590,1591,0.6789891719818115
1591,1592,0.7083634734153748
1592,1593,0.6895221471786499
1593,1594,0.6929589509963989
1594,1595,0.7090407609939575
1595,1596,0.6962482929229736
1596,1597,0.67983478307724
1597,1598,0.7128483057022095
1598,1599,0.6900966763496399
1599,1600,0.6822406649589539
1600,1601,0.6980048418045044
1601,1602,0.690592885017395
1602,1603,0.6839925050735474
1603,1604,0.7138773798942566
1604,1605,0.6810302138328552
1605,1606,0.7021422386169434
1606,1607,0.6980792880058289
1607,1608,0.6929733753204346
1608,1609,0.6795070171356201
1609,1610,0.7027022242546082
1610,1611,0.687836766242981
1611,1612,0.6920545101165771
1612,1613,0.6923930048942566
1613,1614,0.6987779140472412
1614,1615,0.6876524686813354
1615,1616,0.6896301507949829
1616,1617,0.7029644846916199
1617,1618,0.6934422254562378
1618,1619,0.6914231777191162
1619,1620,0.6780386567115784
1620,1621,0.6976251006126404
1621,1622,0.6796057820320129
1622,1623,0.6888638734817505
1623,1624,0.7041082382202148
1624,1625,0.7046420574188232
1625,1626,0.6929453611373901
1626,1627,0.7018412351608276
1627,1628,0.6982281804084778
1628,1629,0.7078603506088257
1629,1630,0.7009815573692322
1630,1631,0.6809656620025635
1631,1632,0.691990315914154
1632,1633,0.680010199546814
1633,1634,0.6921168565750122
1634,1635,0.7052466869354248
1635,1636,0.697719395160675
1636,1637,0.6884707808494568
1637,1638,0.692590057849884
1638,1639,0.6893496513366699
1639,1640,0.7090612649917603
1640,1641,0.7010553479194641
1641,1642,0.6911616921424866
1642,1643,0.6747874617576599
1643,1644,0.6842502355575562
1644,1645,0.6931217908859253
1645,1646,0.6937043070793152
1646,1647,0.6852732300758362
1647,1648,0.6810674667358398
1648,1649,0.6947892904281616
1649,1650,0.6901406645774841
1650,1651,0.68263840675354
1651,1652,0.6998997926712036
1652,1653,0.7065870761871338
1653,1654,0.6752577424049377
1654,1655,0.6919348835945129
1655,1656,0.6895459890365601
1656,1657,0.6903980374336243
1657,1658,0.704470694065094
1658,1659,0.6963939070701599
1659,1660,0.6890089511871338
1660,1661,0.6723784804344177
1661,1662,0.693209171295166
1662,1663,0.6851810216903687
1663,1664,0.7006222009658813
1664,1665,0.68697589635849
1665,1666,0.6865976452827454
1666,1667,0.689521849155426
1667,1668,0.6915784478187561
1668,1669,0.6833395957946777
1669,1670,0.6882966756820679
1670,1671,0.6871153712272644
1671,1672,0.6849372386932373
1672,1673,0.7139958143234253
1673,1674,0.6993136405944824
1674,1675,0.693846583366394
1675,1676,0.7087950110435486
1676,1677,0.6939272880554199
1677,1678,0.6989914774894714
1678,1679,0.682985246181488
1679,1680,0.7154268026351929
1680,1681,0.6955853700637817
1681,1682,0.6923495531082153
1682,1683,0.6794071793556213
1683,1684,0.6886849403381348
1684,1685,0.669733464717865
1685,1686,0.6947447657585144
1686,1687,0.6891570687294006
1687,1688,0.686241090297699
1688,1689,0.6871264576911926
1689,1690,0.6872281432151794
1690,1691,0.6856397986412048
1691,1692,0.7031309008598328
1692,1693,0.6921386122703552
1693,1694,0.6826276183128357
1694,1695,0.6790873408317566
1695,1696,0.7051828503608704
1696,1697,0.6935857534408569
1697,1698,0.6853331923484802
1698,1699,0.6897659301757812
1699,1700,0.7029348015785217
1700,1701,0.6920772194862366
1701,1702,0.6919960379600525
1702,1703,0.6899200677871704
1703,1704,0.6794213056564331
1704,1705,0.6905037760734558
1705,1706,0.6930637955665588
1706,1707,0.6726738810539246
1707,1708,0.7054296135902405
1708,1709,0.6866201162338257
1709,1710,0.6951722502708435
1710,1711,0.7031956911087036
1711,1712,0.6804906725883484
1712,1713,0.6681234836578369
1713,1714,0.7010988593101501
1714,1715,0.6966676115989685
1715,1716,0.683792233467102
1716,1717,0.6920311450958252
1717,1718,0.6976125836372375
1718,1719,0.6858569979667664
1719,1720,0.6910678148269653
1720,1721,0.69783616065979
1721,1722,0.6824110150337219
1722,1723,0.6827884316444397
1723,1724,0.6913985013961792
1724,1725,0.6892721056938171
1725,1726,0.6973084807395935
1726,1727,0.7137398719787598
1727,1728,0.6857405304908752
1728,1729,0.7110452055931091
1729,1730,0.6853763461112976
1730,1731,0.6917305588722229
1731,1732,0.6759775876998901
1732,1733,0.6890252232551575
1733,1734,0.6818167567253113
1734,1735,0.7024103403091431
1735,1736,0.6958446502685547
1736,1737,0.7017561793327332
1737,1738,0.6976855993270874
1738,1739,0.6996796727180481
1739,1740,0.6765697002410889
1740,1741,0.6891430020332336
1741,1742,0.7038201093673706
1742,1743,0.68702232837677
1743,1744,0.7063456177711487
1744,1745,0.6923773884773254
1745,1746,0.6817834377288818
1746,1747,0.6971395611763
1747,1748,0.6810328364372253
1748,1749,0.6776831746101379
1749,1750,0.691998302936554
